-- phpMyAdmin SQL Dump
-- version 5.2.1
-- https://www.phpmyadmin.net/
--
-- Хост: 127.0.0.1
-- Время создания: Мар 31 2025 г., 15:22
-- Версия сервера: 10.4.32-MariaDB
-- Версия PHP: 8.2.12

SET SQL_MODE = "NO_AUTO_VALUE_ON_ZERO";
START TRANSACTION;
SET time_zone = "+00:00";


/*!40101 SET @OLD_CHARACTER_SET_CLIENT=@@CHARACTER_SET_CLIENT */;
/*!40101 SET @OLD_CHARACTER_SET_RESULTS=@@CHARACTER_SET_RESULTS */;
/*!40101 SET @OLD_COLLATION_CONNECTION=@@COLLATION_CONNECTION */;
/*!40101 SET NAMES utf8mb4 */;

--
-- База данных: `edu_site`
--

-- --------------------------------------------------------

--
-- Структура таблицы `labworks`
--

CREATE TABLE `labworks` (
  `id` int(11) NOT NULL,
  `topic_id` int(11) NOT NULL,
  `description` text NOT NULL
) ENGINE=InnoDB DEFAULT CHARSET=utf8mb4 COLLATE=utf8mb4_general_ci;

--
-- Дамп данных таблицы `labworks`
--

INSERT INTO `labworks` (`id`, `topic_id`, `description`) VALUES
(1, 1, 'Описание лабораторной работы...'),
(2, 1, 'Разработайте простую программу, которая будет классифицировать текстовые данные с использованием методов машинного обучения.'),
(3, 2, 'Создайте таймлайн ключевых событий в развитии ИИ и их влияния на современные технологии.'),
(4, 3, 'Разработайте программу, которая различает задачи, решаемые слабым и сильным ИИ, на основе их сложности.'),
(5, 4, 'Найдите реальные примеры использования ИИ в повседневной жизни и объясните их работу.'),
(6, 5, 'Анализируйте этические проблемы, возникающие при использовании ИИ, и предложите возможные решения.'),
(7, 6, 'Объясните основные принципы машинного обучения и приведите примеры его применения.'),
(8, 7, 'Разработайте программу для каждого типа машинного обучения и сравните их результаты.'),
(9, 8, 'Реализуйте алгоритм k-ближайших соседей для классификации данных.'),
(10, 9, 'Разработайте модель логистической регрессии для прогнозирования бинарных результатов.'),
(11, 10, 'Создайте решающее дерево и случайный лес для решения задачи классификации.');

-- --------------------------------------------------------

--
-- Структура таблицы `tests`
--

CREATE TABLE `tests` (
  `id` int(11) NOT NULL,
  `topic_id` int(11) NOT NULL,
  `questions` text NOT NULL,
  `title` varchar(255) NOT NULL
) ENGINE=InnoDB DEFAULT CHARSET=utf8mb4 COLLATE=utf8mb4_general_ci;

--
-- Дамп данных таблицы `tests`
--

INSERT INTO `tests` (`id`, `topic_id`, `questions`, `title`) VALUES
(1, 1, '[{\"text\":\"Что такое ИИ?\", \"options\":[\"Механический разум\",\"Автоматизация процессов\",\"Система для игры в шахматы\",\"Имитация человеческого мышления\"], \"correct_answer\":4},\r\n                              {\"text\":\"Как называется процесс обучения нейронных сетей?\", \"options\":[\"Обучение\",\"Адаптация\",\"Регрессия\",\"Классификация\"], \"correct_answer\":1}]', 'Тест по теме 1'),
(2, 1, '[{\"text\":\"Когда появились первые идеи ИИ?\", \"options\":[\"1950-е годы\",\"1970-е годы\",\"1990-е годы\",\"2000-е годы\"], \"correct_answer\":1},\r\n                              {\"text\":\"Кто предложил тест Тьюринга?\", \"options\":[\"Алан Тьюринг\",\"Джон Маккарти\",\"Марвин Мински\",\"Стив Джобс\"], \"correct_answer\":1}]', 'Тест по теме 1'),
(3, 2, '[{\"text\":\"Какие типы ИИ существуют?\", \"options\":[\"Только слабый\",\"Только сильный\",\"Слабый и сильный\",\"Нет типов\"], \"correct_answer\":3},\r\n                              {\"text\":\"Что такое слабый ИИ?\", \"options\":[\"Имитирует человеческое мышление\",\"Решает конкретные задачи\",\"Обладает самосознанием\",\"Все вышеперечисленное\"], \"correct_answer\":2}]', 'Тест по теме 2'),
(4, 3, '[{\"text\":\"Где применяется ИИ в повседневной жизни?\", \"options\":[\"Медицина\",\"Транспорт\",\"Финансы\",\"Все вышеперечисленное\"], \"correct_answer\":4},\r\n                              {\"text\":\"Пример использования ИИ в медицине.\", \"options\":[\"Распознавание изображений\",\"Рекомендательные системы\",\"Диагностические системы\",\"Все вышеперечисленное\"], \"correct_answer\":3}]', 'Тест по теме 3'),
(5, 4, '[{\"text\":\"Какие этические проблемы возникают при использовании ИИ?\", \"options\":[\"Безопасность данных\",\"Замена рабочих мест\",\"Этичность решений\",\"Все вышеперечисленное\"], \"correct_answer\":4},\r\n                              {\"text\":\"Как защитить данные пользователей?\", \"options\":[\"Шифрование\",\"Двухфакторная аутентификация\",\"Правовые нормы\",\"Все вышеперечисленное\"], \"correct_answer\":4}]', 'Тест по теме 4'),
(6, 5, '[{\"text\":\"Что такое машинное обучение?\", \"options\":[\"Программирование\",\"Имитация человеческого мышления\",\"Обучение на данных\",\"Автоматизация процессов\"], \"correct_answer\":3},\r\n                              {\"text\":\"Основные принципы машинного обучения.\", \"options\":[\"Обучение на примерах\",\"Обучение на правилах\",\"Обучение на алгоритмах\",\"Все вышеперечисленное\"], \"correct_answer\":1}]', 'Тест по теме 5'),
(7, 6, '[{\"text\":\"Какие виды машинного обучения вы знаете?\", \"options\":[\"Супервизированное\",\"Несупервизированное\",\"Усиливающее\",\"Все вышеперечисленное\"], \"correct_answer\":4},\r\n                              {\"text\":\"Разница между супервизированным и несупервизированным обучением.\", \"options\":[\"Супервизированное использует метки\",\"Несупервизированное использует метки\",\"Оба используют метки\",\"Никто не использует метки\"], \"correct_answer\":1}]', 'Тест по теме 6'),
(8, 7, '[{\"text\":\"Что такое алгоритм k-ближайших соседей?\", \"options\":[\"Метод кластеризации\",\"Метод классификации\",\"Метод регрессии\",\"Метод прогнозирования\"], \"correct_answer\":2},\r\n                              {\"text\":\"Как работает kNN?\", \"options\":[\"На основе ближайших соседей\",\"На основе случайных чисел\",\"На основе деревьев\",\"На основе нейронных сетей\"], \"correct_answer\":1}]', 'Тест по теме 7'),
(9, 8, '[{\"text\":\"Что такое логистическая регрессия?\", \"options\":[\"Метод кластеризации\",\"Метод классификации\",\"Метод регрессии\",\"Метод прогнозирования\"], \"correct_answer\":2},\r\n                              {\"text\":\"Пример применения логистической регрессии.\", \"options\":[\"Распознавание лиц\",\"Классификация текста\",\"Прогнозирование цен\",\"Все вышеперечисленное\"], \"correct_answer\":2}]', 'Тест по теме 8'),
(10, 9, '[{\"text\":\"Что такое решающие деревья?\", \"options\":[\"Метод кластеризации\",\"Метод классификации\",\"Метод регрессии\",\"Метод прогнозирования\"], \"correct_answer\":2},\r\n                              {\"text\":\"Как работают случайные леса?\", \"options\":[\"Создают множество деревьев\",\"Создают одно дерево\",\"Используют нейронные сети\",\"Используют метод kNN\"], \"correct_answer\":1}]', 'Тест по теме 9'),
(11, 10, '[{\"text\":\"Что такое решающие деревья?\"}, {\"text\":\"Как работают случайные леса?\"}]', 'Тест по теме 10');

-- --------------------------------------------------------

--
-- Структура таблицы `test_results`
--

CREATE TABLE `test_results` (
  `id` int(11) NOT NULL,
  `user_id` int(11) NOT NULL,
  `test_id` int(11) NOT NULL,
  `score` int(11) NOT NULL,
  `timestamp` datetime DEFAULT current_timestamp(),
  `completed_at` datetime NOT NULL DEFAULT current_timestamp()
) ENGINE=InnoDB DEFAULT CHARSET=utf8mb4 COLLATE=utf8mb4_general_ci;

--
-- Дамп данных таблицы `test_results`
--

INSERT INTO `test_results` (`id`, `user_id`, `test_id`, `score`, `timestamp`, `completed_at`) VALUES
(1, 1, 1, 10, '2025-02-27 22:15:31', '2025-03-31 16:48:12'),
(2, 1, 9, 2, '2025-03-31 16:49:35', '2025-03-31 13:49:35'),
(3, 1, 5, 2, '2025-03-31 16:49:43', '2025-03-31 13:49:43'),
(4, 6, 1, 2, '2025-03-31 17:24:34', '2025-03-31 14:24:34');

-- --------------------------------------------------------

--
-- Структура таблицы `topics`
--

CREATE TABLE `topics` (
  `id` int(11) NOT NULL,
  `title` varchar(255) NOT NULL,
  `content` text NOT NULL
) ENGINE=InnoDB DEFAULT CHARSET=utf8mb4 COLLATE=utf8mb4_general_ci;

--
-- Дамп данных таблицы `topics`
--

INSERT INTO `topics` (`id`, `title`, `content`) VALUES
(1, 'Введение в искусственный интеллект', '\r\nИскусственный интеллект (ИИ) — это область науки, которая занимается разработкой систем, способных выполнять задачи, обычно требующие человеческого интеллекта. Эти системы могут обучаться, принимать решения и адаптироваться к новым данным.\r\n\r\nОсновные направления ИИ:\r\n1. **Машинное обучение:** Алгоритмы, которые позволяют компьютерам извлекать знания из данных.\r\n2. **Обработка естественного языка (NLP):** Технологии для взаимодействия компьютеров с человеческим языком.\r\n3. **Компьютерное зрение:** Системы для анализа и понимания изображений.\r\n4. **Робототехника:** Разработка автономных роботов, способных выполнять физические задачи.\r\n\r\nИстория развития ИИ начинается с 1950-х годов, когда Джон Маккарти впервые использовал термин \"искусственный интеллект\". За последние десятилетия произошел значительный прогресс благодаря развитию вычислительной мощности и доступности больших объемов данных.\r\n\r\nПримеры применения ИИ:\r\n- Автоматическое управление транспортными средствами.\r\n- Рекомендательные системы (например, Netflix, Amazon).\r\n- Медицинская диагностика.\r\n- Финансовый анализ и прогнозирование.\r\n\r\nБудущее ИИ связано с созданием все более сложных систем, способных решать широкий спектр задач. Однако развитие ИИ также вызывает этические вопросы, такие как безопасность, конфиденциальность и влияние на рабочие места.'),
(2, 'Введение в искусственный интеллект', 'Искусственный интеллект (ИИ) — это область науки и техники, которая занимается созданием систем, способных имитировать человеческое мышление и принятие решений. ИИ использует алгоритмы и модели машинного обучения для анализа данных, прогнозирования и автоматизации процессов. Основные направления развития ИИ включают компьютерное зрение, речевой анализ, обработку естественного языка и автоматическое обучение.'),
(3, 'История развития искусственного интеллекта', 'Первые идеи искусственного интеллекта появились в середине XX века. В 1950 году Алан Тьюринг предложил тест Тьюринга как критерий для определения наличия интеллекта у машины. В 1956 году Джон Маккарти впервые использовал термин \"искусственный интеллект\" на конференции в Дартмутском колледже. С развитием вычислительной мощности и доступа к большому объему данных ИИ стал применяться в различных областях, таких как медицина, транспорт и финансы.'),
(4, 'Типы искусственного интеллекта: слабый и сильный ИИ', 'Существуют два основных типа искусственного интеллекта: слабый (или ограниченный) ИИ и сильный (или всеобъемлющий) ИИ. Слабый ИИ решает конкретные задачи, такие как распознавание образов или перевод текста. Сильный ИИ обладает общей способностью принимать решения и адаптироваться к новым ситуациям, подобно человеку. На данный момент технологии сильного ИИ находятся в стадии разработки.'),
(5, 'Приложения искусственного интеллекта в повседневной жизни', 'Искусственный интеллект активно используется в повседневной жизни. Например, рекомендательные системы на платформах стриминга видео и музыки используют ИИ для предложения контента пользователю. Автоматизированные помощники, такие как Siri и Alexa, также основаны на технологиях ИИ. В медицине ИИ помогает в диагностике заболеваний, а в транспорте используется для создания автономных автомобилей и систем навигации.'),
(6, 'Этические вопросы в развитии искусственного интеллекта', 'Развитие искусственного интеллекта вызывает множество этических вопросов. Одним из главных является проблема безопасности и конфиденциальности данных. ИИ может быть использован для манипуляций информацией, что может привести к нарушению прав человека. Кроме того, существует риск потери рабочих мест из-за автоматизации процессов. Этические проблемы также включают защиту от злоупотребления технологиями ИИ и обеспечение справедливости в принятии решений.'),
(7, 'Что такое машинное обучение?', 'Машинное обучение — это подраздел искусственного интеллекта, который позволяет компьютерам учиться на основе данных без явного программирования. Основные подходы к обучению моделей включают супервизированное обучение, несупервизированное обучение и усиленное обучение. Машинное обучение используется для решения широкого спектра задач, таких как классификация изображений, прогнозирование временных рядов и обработка естественного языка.'),
(8, 'Виды машинного обучения: супервизированное, несупервизированное и усиливающее', 'Виды машинного обучения включают супервизированное обучение, где модель обучается на помеченных данных; несупервизированное обучение, где модель должна найти закономерности в данных без меток; и усиленное обучение, где модель учится через взаимодействие с окружающей средой. Каждый тип имеет свои преимущества и области применения. Например, супервизированное обучение часто используется для задач классификации и регрессии, тогда как несупервизированное обучение применяется для кластеризации и снижения размерности данных.'),
(9, 'Алгоритмы классификации: k-ближайших соседей (kNN)', 'Алгоритм k-ближайших соседей (kNN) — это простой алгоритм для решения задач классификации и регрессии. Он работает на основе принципа, что объекты, близкие друг к другу в пространстве признаков, вероятно, относятся к одному классу. Для классификации нового объекта алгоритм находит k ближайших соседей в обучающем наборе данных и определяет класс нового объекта на основе большинства классов среди этих соседей. kNN эффективен для небольших наборов данных, но может быть медленным на больших данных.'),
(10, 'Логистическая регрессия для задач классификации', 'Логистическая регрессия — это метод для решения задач классификации, особенно бинарной классификации. Она использует логистическую функцию для преобразования выходных значений модели в вероятности принадлежности к каждому классу. Логистическая регрессия проста в реализации и хорошо работает на данных с линейно разделимыми классами. Однако она может быть ограничена в случае нелинейных зависимостей между признаками и целевой переменной.'),
(11, 'Решающие деревья и случайные леса', 'Алгоритмы, основанные на разбиении данных...'),
(12, 'Методы кластеризации: k-means и DBSCAN', 'Алгоритмы группировки данных...'),
(13, 'Нейронные сети: основные принципы работы', 'Архитектура и обучение нейронных сетей...'),
(14, 'Глубокое обучение: сверточные нейронные сети (CNN)', 'CNN используются для анализа изображений...'),
(15, 'Глубокое обучение: рекуррентные нейронные сети (RNN)', 'RNN применяются для обработки последовательностей...'),
(16, 'Автокодировщики (Autoencoders) для сжатия данных', 'Модели для восстановления и сжатия данных...'),
(17, 'Введение в обработку естественного языка', 'NLP позволяет компьютерам понимать язык...'),
(18, 'Токенизация и стемминг текстов', 'Методы разбиения текста на слова...'),
(19, 'Векторизация текста: Bag of Words и TF-IDF', 'Способы представления текста в числовом виде...'),
(20, 'Word Embeddings: Word2Vec и GloVe', 'Модели для представления слов в векторном пространстве...'),
(21, 'BERT и другие предобученные модели для NLP', 'Современные модели для анализа текста...'),
(22, 'Системы машинного перевода: Google Translate и аналоги', 'Как работают автоматические переводчики...'),
(23, 'Чат-боты: создание и обучение', 'Разработка диалоговых систем...'),
(24, 'Анализ тональности текста (Sentiment Analysis)', 'Определение эмоциональной окраски текста...'),
(25, 'Что такое компьютерное зрение?', 'Компьютерное зрение — это анализ изображений...'),
(26, 'Обнаружение объектов на изображениях', 'Методы выявления объектов на фото...'),
(27, 'Сегментация изображений', 'Разделение изображения на области...'),
(28, 'Распознавание лиц: основные подходы', 'Алгоритмы для идентификации лиц...'),
(29, 'Генеративные противостоительные сети (GAN)', 'GAN создают реалистичные изображения...'),
(30, 'Стиль-трансфер изображений', 'Перенос стиля с одного изображения на другое...'),
(31, 'Обработка видео с помощью ИИ', 'Анализ и генерация видео...'),
(32, 'Введение в робототехнику', 'Робототехника объединяет механику и ИИ...'),
(33, 'Основы управления роботами', 'Алгоритмы для контроля движений роботов...'),
(34, 'Навигация и планирование движения роботов', 'Как роботы находят пути...'),
(35, 'Компьютерное зрение для роботов', 'Роботы распознают окружающую среду...'),
(36, 'Социальная робототехника: взаимодействие с людьми', 'Разработка роботов для общения...'),
(37, 'Что такое экспертные системы?', 'Экспертные системы имитируют человеческую экспертизу...'),
(38, 'Архитектура экспертных систем', 'Структура и компоненты экспертных систем...'),
(39, 'Языки программирования для экспертных систем', 'Prolog, CLIPS и другие языки...'),
(40, 'Примеры экспертных систем в медицине', 'Диагностические системы для врачей...'),
(41, 'Экспертные системы в финансах', 'Прогнозирование рынков и управление рисками...'),
(42, 'Что такое нечеткая логика?', 'Нечеткая логика работает с неопределенностью...'),
(43, 'История развития нечеткой логики', 'Появление теории нечетких множеств...'),
(44, 'Нечеткие множества: основные понятия', 'Множества с частичной принадлежностью...'),
(45, 'Нечеткие переменные и функции принадлежности', 'Как описывать нечеткие значения...'),
(46, 'Операции над нечеткими множествами', 'Объединение, пересечение и другие операции...'),
(47, 'Нечеткая логика в системах управления', 'Управление процессами с использованием нечетких правил...'),
(48, 'Нечеткая логика в робототехнике', 'Применение нечеткой логики для принятия решений...'),
(49, 'Нечеткая логика в прогнозировании', 'Методы прогнозирования с учетом неопределенности...'),
(50, 'Нечеткая логика в медицинской диагностике', 'Использование нечетких систем для диагностики...'),
(51, 'Нечеткая логика в экономике и финансовом анализе', 'Анализ рисков и принятие решений...'),
(52, 'Сравнение нечеткой логики и булевой логики', 'Отличия между четкими и нечеткими системами...'),
(53, 'Интеграция нечеткой логики с нейронными сетями', 'Сочетание двух технологий...'),
(54, 'Нечеткая экспертиза: примеры реальных систем', 'Практические применения нечеткой логики...'),
(55, 'Нечеткое правило \"IF-THEN\" и его использование', 'Основа нечеткого вывода...'),
(56, 'Дефазификация: методы преобразования нечетких значений в четкие', 'Как получить конкретный результат...');

-- --------------------------------------------------------

--
-- Структура таблицы `users`
--

CREATE TABLE `users` (
  `id` int(11) NOT NULL,
  `username` varchar(255) NOT NULL,
  `email` varchar(255) NOT NULL,
  `password` varchar(255) NOT NULL,
  `is_admin` tinyint(1) DEFAULT 0
) ENGINE=InnoDB DEFAULT CHARSET=utf8mb4 COLLATE=utf8mb4_general_ci;

--
-- Дамп данных таблицы `users`
--

INSERT INTO `users` (`id`, `username`, `email`, `password`, `is_admin`) VALUES
(1, 'user1', 'user1@gcom.ru', '$2y$10$M2WNlxPloT5ut3gNOAkGyepN7pa7Tv02.jX1hd5dpJPjRb7wFE7Ya', 0),
(4, 'admin', 'admin@example.com', '$2y$10$MekQtt2Ghjwh1wQgS6N2v../MKQaJ.5wdyMBVh9L.RA1dSL9naQxi', 1),
(5, 'Анна Ивановна', 'user2@gcom.ru', '$2y$10$VzfGrYPTdptptMczjeLpROeFir/TLsqvB52cC2kY4fMMWUsxbYDWa', 0),
(6, 'Анастасия ', 'user3@gcom.ru', '$2y$10$Zw8UqeuS8xOXum99hB8EXenJg3gz1f.mOw9ISpqgP1K5IBzGUAnqu', 0);

--
-- Индексы сохранённых таблиц
--

--
-- Индексы таблицы `labworks`
--
ALTER TABLE `labworks`
  ADD PRIMARY KEY (`id`),
  ADD KEY `topic_id` (`topic_id`);

--
-- Индексы таблицы `tests`
--
ALTER TABLE `tests`
  ADD PRIMARY KEY (`id`),
  ADD KEY `topic_id` (`topic_id`);

--
-- Индексы таблицы `test_results`
--
ALTER TABLE `test_results`
  ADD PRIMARY KEY (`id`),
  ADD KEY `user_id` (`user_id`);

--
-- Индексы таблицы `topics`
--
ALTER TABLE `topics`
  ADD PRIMARY KEY (`id`);

--
-- Индексы таблицы `users`
--
ALTER TABLE `users`
  ADD PRIMARY KEY (`id`),
  ADD UNIQUE KEY `email` (`email`);

--
-- AUTO_INCREMENT для сохранённых таблиц
--

--
-- AUTO_INCREMENT для таблицы `labworks`
--
ALTER TABLE `labworks`
  MODIFY `id` int(11) NOT NULL AUTO_INCREMENT, AUTO_INCREMENT=12;

--
-- AUTO_INCREMENT для таблицы `tests`
--
ALTER TABLE `tests`
  MODIFY `id` int(11) NOT NULL AUTO_INCREMENT, AUTO_INCREMENT=12;

--
-- AUTO_INCREMENT для таблицы `test_results`
--
ALTER TABLE `test_results`
  MODIFY `id` int(11) NOT NULL AUTO_INCREMENT, AUTO_INCREMENT=5;

--
-- AUTO_INCREMENT для таблицы `topics`
--
ALTER TABLE `topics`
  MODIFY `id` int(11) NOT NULL AUTO_INCREMENT, AUTO_INCREMENT=57;

--
-- AUTO_INCREMENT для таблицы `users`
--
ALTER TABLE `users`
  MODIFY `id` int(11) NOT NULL AUTO_INCREMENT, AUTO_INCREMENT=7;

--
-- Ограничения внешнего ключа сохраненных таблиц
--

--
-- Ограничения внешнего ключа таблицы `labworks`
--
ALTER TABLE `labworks`
  ADD CONSTRAINT `labworks_ibfk_1` FOREIGN KEY (`topic_id`) REFERENCES `topics` (`id`);

--
-- Ограничения внешнего ключа таблицы `tests`
--
ALTER TABLE `tests`
  ADD CONSTRAINT `tests_ibfk_1` FOREIGN KEY (`topic_id`) REFERENCES `topics` (`id`);

--
-- Ограничения внешнего ключа таблицы `test_results`
--
ALTER TABLE `test_results`
  ADD CONSTRAINT `test_results_ibfk_1` FOREIGN KEY (`user_id`) REFERENCES `users` (`id`);
COMMIT;

/*!40101 SET CHARACTER_SET_CLIENT=@OLD_CHARACTER_SET_CLIENT */;
/*!40101 SET CHARACTER_SET_RESULTS=@OLD_CHARACTER_SET_RESULTS */;
/*!40101 SET COLLATION_CONNECTION=@OLD_COLLATION_CONNECTION */;
